create table films
(
    film_id        bigint auto_increment
        primary key,
    film_name_en   varchar(100)                       not null,
    film_avatar_en varchar(100) default 'notPage.jpg' null,
    film_name_ru   varchar(100)                       null,
    active         bit          default b'0'          null,
    film_avatar_ru varchar(100) default 'notPage.jpg' null
);

INSERT INTO testlogin.films (film_id, film_name_en, film_avatar_en, film_name_ru, active, film_avatar_ru) VALUES (22, '12 Years a Slave', '12_Years_a_Slave.jpg', '12 Лет Рабства', true, '12_Years_a_Slave.jpg');
INSERT INTO testlogin.films (film_id, film_name_en, film_avatar_en, film_name_ru, active, film_avatar_ru) VALUES (23, 'Tenet', 'Tenet.jpg', 'Довод', true, 'Tenet.jpg');
INSERT INTO testlogin.films (film_id, film_name_en, film_avatar_en, film_name_ru, active, film_avatar_ru) VALUES (24, 'Avengers.Infinity war', 'avengers.jpg', 'Мстители. Война Бесконечности', true, 'avengers.jpg');
INSERT INTO testlogin.films (film_id, film_name_en, film_avatar_en, film_name_ru, active, film_avatar_ru) VALUES (25, 'Black Panther', 'Black_Panther.jpg', 'Черная Пантера', true, 'Black_Panther.jpg');
INSERT INTO testlogin.films (film_id, film_name_en, film_avatar_en, film_name_ru, active, film_avatar_ru) VALUES (26, 'Django Unchained', 'Django_Unchained.jpg', 'Джанго Освобожденный', true, 'Django_Unchained.jpg');
INSERT INTO testlogin.films (film_id, film_name_en, film_avatar_en, film_name_ru, active, film_avatar_ru) VALUES (27, 'Gone Girl', 'gone_girl.jpg', 'Исчезнувшая', true, 'gone_girl.jpg');
INSERT INTO testlogin.films (film_id, film_name_en, film_avatar_en, film_name_ru, active, film_avatar_ru) VALUES (28, 'Hobbit. The Desolation of Smaug', 'hobbit.jpg', 'Хоббит. Пустошь Смауга', true, 'hobbit.jpg');
INSERT INTO testlogin.films (film_id, film_name_en, film_avatar_en, film_name_ru, active, film_avatar_ru) VALUES (29, 'Inception', 'inception.jpg', 'Начало', true, 'inception.jpg');
INSERT INTO testlogin.films (film_id, film_name_en, film_avatar_en, film_name_ru, active, film_avatar_ru) VALUES (30, 'Interstellar', 'interstellar.jpg', 'Интерстеллар', true, 'interstellar.jpg');
INSERT INTO testlogin.films (film_id, film_name_en, film_avatar_en, film_name_ru, active, film_avatar_ru) VALUES (31, 'John Wick 2', 'john_wick2.jpg', 'Джон Уик 2', true, 'john_wick2.jpg');
INSERT INTO testlogin.films (film_id, film_name_en, film_avatar_en, film_name_ru, active, film_avatar_ru) VALUES (32, 'Joker', 'Joker.jpg', 'Джокер', true, 'Joker.jpg');
INSERT INTO testlogin.films (film_id, film_name_en, film_avatar_en, film_name_ru, active, film_avatar_ru) VALUES (33, 'Law Abiding Citizen', 'Law_Abiding_Citizen.jpg', 'Законопослушный Гражданин', true, 'Law_Abiding_Citizen.jpg');
INSERT INTO testlogin.films (film_id, film_name_en, film_avatar_en, film_name_ru, active, film_avatar_ru) VALUES (34, 'Lord of the Rings. The Return of the King', 'Lord_of_the_Rings.jpg', 'Властелин Колец. Возвращение короля', true, 'Lord_of_the_Rings.jpg');
INSERT INTO testlogin.films (film_id, film_name_en, film_avatar_en, film_name_ru, active, film_avatar_ru) VALUES (35, 'Me Before You', 'Me_Before_You.jpg', 'До Встречи с Тобой', true, 'Me_Before_You.jpg');
INSERT INTO testlogin.films (film_id, film_name_en, film_avatar_en, film_name_ru, active, film_avatar_ru) VALUES (36, 'Sherlock Holmes', 'Sherlock_Holmes.jpg', 'Шерлок Холмс', true, 'Sherlock_Holmes.jpg');
INSERT INTO testlogin.films (film_id, film_name_en, film_avatar_en, film_name_ru, active, film_avatar_ru) VALUES (37, 'Star Wars. Episode 9', 'Star_Wars.jpg', 'Звездные воины. Эпизод 9', true, 'Star_Wars.jpg');
INSERT INTO testlogin.films (film_id, film_name_en, film_avatar_en, film_name_ru, active, film_avatar_ru) VALUES (38, 'The Revenant', 'The_Revenant.jpg', 'Выживший', true, 'The_Revenant.jpg');
INSERT INTO testlogin.films (film_id, film_name_en, film_avatar_en, film_name_ru, active, film_avatar_ru) VALUES (39, 'Thor', 'Thor.jpg', 'Тор', true, 'Thor.jpg');
INSERT INTO testlogin.films (film_id, film_name_en, film_avatar_en, film_name_ru, active, film_avatar_ru) VALUES (40, 'Three Billboards Outside Ebbing Missouri', 'three_billboards_outside_ebbing_missouri.jpg', '3 Биллборда на границе Эббинга, штат Миссури', true, 'three_billboards_outside_ebbing_missouri.jpg');
INSERT INTO testlogin.films (film_id, film_name_en, film_avatar_en, film_name_ru, active, film_avatar_ru) VALUES (41, 'Untouchables', 'untouchables.jpg', 'Неприкасаемые. 1+1', true, 'untouchables.jpg');
INSERT INTO testlogin.films (film_id, film_name_en, film_avatar_en, film_name_ru, active, film_avatar_ru) VALUES (42, 'Venom', 'Venom.jpg', 'Веном', true, 'Venom.jpg');

create table films_info
(
    id_films_info    bigint auto_increment
        primary key,
    description_en   varchar(1000) null,
    year_of_creation varchar(4)    not null,
    genre_en         varchar(50)   not null,
    link_en          varchar(50)   not null,
    film_id          bigint        not null,
    description_ru   varchar(1000) null,
    genre_ru         varchar(50)   null,
    link_ru          varchar(100)  null,
    constraint films_info_ibfk_1
        foreign key (film_id) references films (film_id)
);

create index film_id
    on films_info (film_id);

INSERT INTO testlogin.films_info (id_films_info, description_en, year_of_creation, genre_en, link_en, film_id, description_ru, genre_ru, link_ru) VALUES (1, 'Solomon Northup was a married and educated man who lived and worked in New York City when two people once offered him an attractive job in Washington. Upon arrival, he was kidnapped, became a slave and eked out a miserable life, passing from one master to another.', '2013', 'drama, biography, history', 'https://www.youtube.com/embed/yYT2rslh3s8', 22, 'Соломон Нортап был женатым и образованным мужчиной, который жил и работал в Нью-Йорке, когда два человека однажды предложили ему привлекательную работу в Вашингтоне. По прибытии он был похищен, стал рабом и влачил жалкую жизнь, переходя от одного хозяина к другому.', 'драма, биография, история', 'https://www.youtube.com/embed/gp1e7eTQ9wk');
INSERT INTO testlogin.films_info (id_films_info, description_en, year_of_creation, genre_en, link_en, film_id, description_ru, genre_ru, link_ru) VALUES (2, 'The main character is a secret agent who passes a cruel test of reliability and joins an incredible mission. The fate of the world depends on its implementation, and for success it is necessary to discard all previous ideas about space and time.', '2020', 'fiction, action', 'https://www.youtube.com/embed/AZGcmvrTX9M', 23, 'Главный герой — секретный агент, который проходит жестокий тест на надежность и присоединяется к невероятной миссии. От ее выполнения зависит судьба мира, а для успеха необходимо отбросить все прежние представления о пространстве и времени.', 'фантастика, боевик', 'https://www.youtube.com/embed/C6dZA-buNCw');
INSERT INTO testlogin.films_info (id_films_info, description_en, year_of_creation, genre_en, link_en, film_id, description_ru, genre_ru, link_ru) VALUES (3, 'As the Avengers and their allies continue to defend the world from a variety of dangers that a single superhero would not have been able to handle, a new threat emerges from space Thanos. The intergalactic tyrant pursues the goal of collecting all six Infinity Stones - artifacts of incredible power, with which you can change reality at will. Everything the Avengers have encountered before has led to this moment - the fate of Earth has never been so uncertain.', '2012', 'fiction, action, fantasy, adventure', 'https://www.youtube.com/embed/eOrNdBpGMv8', 24, 'Пока Мстители и их союзники продолжают защищать мир от различных опасностей, с которыми не смог бы справиться один супергерой, новая угроза возникает из космоса Танос. Межгалактический тиран преследует цель собрать все шесть Камней Бесконечности — артефакты невероятной силы, с помощью которых можно менять реальность по своему желанию. Всё, с чем Мстители сталкивались ранее, вело к этому моменту — судьба Земли никогда ещё не была столь неопределённой.', 'фантастика, боевик, фэнтези, приключения', 'https://www.youtube.com/embed/5iw-hJ6xteE');
INSERT INTO testlogin.films_info (id_films_info, description_en, year_of_creation, genre_en, link_en, film_id, description_ru, genre_ru, link_ru) VALUES (4, 'At first glance, one might think that Wakanda is the usual territory of wild Africa, but this is not so. Here, in the depths of the desert lands, there are deposits of a unique metal that can absorb vibration. Many tried to get to him, destroying everything in their path and bringing death to the aborigines, but each time the mysterious spirit of the savannah - the Black Panther - rose to protect the oppressed.', '2018', 'action, fantasy, adventure', 'https://www.youtube.com/embed/xjDjIWPwcPU', 25, 'С первого взгляда можно решить, что Ваканда — обычная территория дикой Африки, но это не так. Здесь, в недрах пустынных земель, скрываются залежи уникального металла, способного поглощать вибрацию. Многие пытались добраться до него, разоряя всё на своём пути и принося смерть аборигенам, но каждый раз таинственный дух саванны — Чёрная Пантера — вставал на защиту угнетённых.', 'фантастика, боевик, приключения', 'https://www.youtube.com/embed/qGpejFwCZS0');
INSERT INTO testlogin.films_info (id_films_info, description_en, year_of_creation, genre_en, link_en, film_id, description_ru, genre_ru, link_ru) VALUES (5, 'The eccentric bounty hunter, also known as the "Dentist", trades in shooting the most dangerous criminals in the Wild West. The work is dusty, and he cannot do without a reliable assistant. But how to find such and preferably not very expensive? An escaped slave named Django is an excellent candidate. True, the new assistant has his own motives - something needs to be dealt with ...', '2012', 'western, action, drama, comedy', 'https://www.youtube.com/embed/FZv204Z49tY', 26, 'Эксцентричный охотник за головами, также известный как «Дантист», промышляет отстрелом самых опасных преступников на Диком Западе. Работенка пыльная, и без надежного помощника ему не обойтись. Но как найти такого и желательно не очень дорогого? Беглый раб по имени Джанго — прекрасная кандидатура. Правда, у нового помощника свои мотивы — кое с чем надо разобраться…', 'вестерн, боевик, драма, комедия', 'https://www.youtube.com/embed/4McenUEna3E');
INSERT INTO testlogin.films_info (id_films_info, description_en, year_of_creation, genre_en, link_en, film_id, description_ru, genre_ru, link_ru) VALUES (6, 'Everything was ready for the celebration of the five-year anniversary of married life, when suddenly one of the heroes of the occasion inexplicably disappeared. There are traces of a struggle in the house, blood, which they obviously tried to wipe off, - and a chain of "keys" in a game called "treasure hunt"; a beautiful, intelligent and incredibly inventive wife annually arranged her for her adored husband. And it seems that these "keys" - strange notes and no less strange trinkets she placed here and there - give the only chance to shed light on the fate of the disappeared. But won''t the "hunter" have to reveal to the world a couple of his own unattractive secrets in the process of searching?', '2014', 'thriller, drama, detective', 'https://www.youtube.com/embed/2-_-1nJf8Vg', 27, ' Все было готово для празднования пятилетнего юбилея супружеской жизни, когда вдруг необъяснимо пропал один из виновников торжества. Остались следы борьбы в доме, кровь, которую явно пытались стереть, — и цепочка «ключей» в игре под названием «охота за сокровищами»; красивая, умная и невероятно изобретательная жена ежегодно устраивала ее для своего обожаемого мужа. И похоже, что эти «ключи» — размещенные ею тут и там странные записки и не менее странные безделушки — дают единственный шанс пролить свет на судьбу исчезнувшей. Вот только не придется ли «охотнику» в процессе поиска раскрыть миру и пару-тройку собственных малосимпатичных тайн?', 'триллер, драма, детектив', 'https://www.youtube.com/embed/il5pBokQymQ');
INSERT INTO testlogin.films_info (id_films_info, description_en, year_of_creation, genre_en, link_en, film_id, description_ru, genre_ru, link_ru) VALUES (7, 'After successfully crossing the Misty Mountains, Thorin and company are forced to seek help from a mighty stranger before venturing out into the dangerous Mirkwood without a wizard. Their company must complete their journey to the Lonely Mountain, where Baggins will need to find a secret door to get to Smaug''s treasure ...', '2013', 'fantasy, adventure, action', 'https://www.youtube.com/embed/LV0dJBKSg_s', 28, 'После успешного перехода через Туманные горы, Торин и компания вынуждены обратиться за помощью к могучему незнакомцу, прежде чем отправиться в опасное Лихолесье без волшебника. Их компания обязана завершить свое путешествие к Одинокой горе, где Бэггинсу нужно будет найти потайную дверь, чтобы добраться до клада Смауга…', 'фэнтези, приключения, боевик', 'https://www.youtube.com/embed/2MaVItvmgE4');
INSERT INTO testlogin.films_info (id_films_info, description_en, year_of_creation, genre_en, link_en, film_id, description_ru, genre_ru, link_ru) VALUES (8, 'Cobb is a talented thief, the best of the best in the dangerous art of extraction he steals valuable secrets from the depths of the subconscious during sleep, when the human mind is most vulnerable. Cobb''s rare abilities made him a valuable player in the betrayal world of industrial espionage, but they also turned him into an eternal fugitive and robbed him of everything he had ever loved.', '2010', 'fiction, action, thriller, drama, detective', 'https://www.youtube.com/embed/YoHD9XEInc0', 29, 'Кобб — талантливый вор, лучший из лучших в опасном искусстве извлечения он крадет ценные секреты из глубин подсознания во время сна, когда человеческий разум наиболее уязвим. Редкие способности Кобба сделали его ценным игроком в привычном к предательству мире промышленного шпионажа, но они же превратили его в извечного беглеца и лишили всего, что он когда-либо любил.', 'фантастика, боевик, триллер, драма, детектив', 'https://www.youtube.com/embed/85Zz1CCXyDI');
INSERT INTO testlogin.films_info (id_films_info, description_en, year_of_creation, genre_en, link_en, film_id, description_ru, genre_ru, link_ru) VALUES (9, 'Our time on Earth has come to an end, a team of researchers is taking on the most important mission in human history; traveling beyond our galaxy to find out if humanity has a future among the stars.', '2014', 'fantasy, adventure, drama', 'https://www.youtube.com/embed/zSWdZVtXT7E', 30, 'Наше время на Земле подошло к концу, команда исследователей берет на себя самую важную миссию в истории человечества; путешествуя за пределами нашей галактики, чтобы узнать есть ли у человечества будущее среди звезд.', 'фантастика, драма, приключения', 'https://www.youtube.com/embed/qcPfI0y7wRU');
INSERT INTO testlogin.films_info (id_films_info, description_en, year_of_creation, genre_en, link_en, film_id, description_ru, genre_ru, link_ru) VALUES (10, 'When John''s former colleague decides to take control of a mysterious assassin''s guild, Wick is forced out of retirement. Driven by a bloody oath, John goes to Rome, where he will have to fight some of the most dangerous killers in the world.', '2017', 'action, thriller, crime', 'https://www.youtube.com/embed/St3E-rJC_3s', 31, 'Когда бывший коллега Джона решает взять под свой контроль таинственную гильдию убийц, Уик вынужден выйти из отставки. Ведомый кровавой клятвой Джон отправляется в Рим, где ему придется сразиться с одними из самых опасных киллеров в мире.', 'боевик, триллер, криминал', 'https://www.youtube.com/embed/0DkJa_aGTP8');
INSERT INTO testlogin.films_info (id_films_info, description_en, year_of_creation, genre_en, link_en, film_id, description_ru, genre_ru, link_ru) VALUES (11, 'Gotham, early 1980s. Comedian Arthur Fleck lives with his sick mother, who teaches him from childhood to "walk with a smile." Trying to bring good things to the world and give people joy, Arthur is faced with human cruelty and gradually comes to the conclusion that this world will receive from him not a kind smile, but the grin of the villain Joker.', '2019', 'thriller, crime, drama', 'https://www.youtube.com/embed/zAGVQLHvwOY', 32, 'Готэм, начало 1980-х годов. Комик Артур Флек живет с больной матерью, которая с детства учит его «ходить с улыбкой». Пытаясь нести в мир хорошее и дарить людям радость, Артур сталкивается с человеческой жестокостью и постепенно приходит к выводу, что этот мир получит от него не добрую улыбку, а ухмылку злодея Джокера.', 'триллер, драма, криминал', 'https://www.youtube.com/embed/VCMaJLwChfs');
INSERT INTO testlogin.films_info (id_films_info, description_en, year_of_creation, genre_en, link_en, film_id, description_ru, genre_ru, link_ru) VALUES (12, 'Respectable Philadelphia resident Clyde Shelton loses his family as a result of a gang attack. But when the criminals were in the hands of justice, it turned out that it was more convenient for the legal system to make a deal with one of the bandits in order to give the supreme measure to the other.', '2009', 'action, thriller, drama, crime', 'https://www.youtube.com/embed/LX6kVRsdXW4', 33, 'Добропорядочный житель Филадельфии Клайд Шелтон теряет семью в результате бандитского нападения. Но когда преступники оказались в руках правосудия, выяснилось, что юридической Системе удобнее пойти на сделку с одним из бандитов, чтобы дать высшую меру другому.', 'боевик, триллер, драма, криминал', 'https://www.youtube.com/embed/tzK8_r6b_g8');
INSERT INTO testlogin.films_info (id_films_info, description_en, year_of_creation, genre_en, link_en, film_id, description_ru, genre_ru, link_ru) VALUES (13, 'The last part of the trilogy about the Ring of Omnipotence and about the heroes who took on the burden of saving Middle-earth. The lord of the forces of darkness Sauron directs his countless armies under the walls of Minas Tirith, the fortress of Light''s Hope. He looks forward to a close victory, but this is what prevents him from noticing two tiny figures - hobbits approaching Mount Doom, where they have to destroy the Ring of Omnipotence. Will happiness smile at them', '2003', 'fantasy, adventure, drama', 'https://www.youtube.com/embed/r5X-hFf6Bwo', 34, 'Последняя часть трилогии о Кольце Всевластия и о героях', 'фэнтези, приключения, драма', 'https://www.youtube.com/embed/lxAeV1-KpSA');
INSERT INTO testlogin.films_info (id_films_info, description_en, year_of_creation, genre_en, link_en, film_id, description_ru, genre_ru, link_ru) VALUES (14, 'Lou Clark knows how many steps from the bus stop to her house. She knows that she really enjoys working at the cafe and that most likely she does not like her boyfriend Patrick. But Lou does not know that she is about to lose her job and that in the near future she will need all the strength to overcome the problems that have fallen on her.', '2016', 'drama, melodrama', 'https://www.youtube.com/embed/T0MmkG_nG1U', 35, 'Лу Кларк знает, сколько шагов от автобусной остановки до ее дома. Она знает, что ей очень нравится работа в кафе и что, скорее всего, она не любит своего бойфренда Патрика. Но Лу не знает, что вот-вот потеряет свою работу и что в ближайшем будущем ей понадобятся все силы, чтобы преодолеть свалившиеся на нее проблемы.', 'драма, мелодрама', 'https://www.youtube.com/embed/YwvEmRBRrG8');
INSERT INTO testlogin.films_info (id_films_info, description_en, year_of_creation, genre_en, link_en, film_id, description_ru, genre_ru, link_ru) VALUES (15, 'The greatest detective in history, Sherlock Holmes, together with his loyal ally Watson, enter into a battle that requires serious physical and mental preparation, because their enemy poses a threat to the whole of London.', '2009', 'action, adventure, thriller, drama, detective', 'https://www.youtube.com/embed/J7nJksXDBWc', 36, 'Величайший в истории сыщик Шерлок Холмс вместе со своим верным соратником Ватсоном вступают в схватку, требующую нешуточной физической и умственной подготовки, ведь их враг представляет угрозу для всего Лондона.', 'боевик, приключения, триллер, драма, детектив', 'https://www.youtube.com/embed/uzaTmm1TwoM');
INSERT INTO testlogin.films_info (id_films_info, description_en, year_of_creation, genre_en, link_en, film_id, description_ru, genre_ru, link_ru) VALUES (16, 'The film concludes the incredible story of the Skywalker family, spanning over forty years, and promises to provide answers to all the mysteries from the previous series. Old and new heroes, unique worlds, fascinating journeys to the edge of the Galaxy and the grand finale of a fantastic saga await the viewer.', '2020', 'fantasy, fantasy, action, adventure', 'https://www.youtube.com/embed/8Qn_spdM5Zg', 37, 'Фильм завершает невероятную историю семьи Скайуокеров, длящуюся уже более сорока лет, и обещает дать ответы на все загадки из предыдущих серий. Зрителя ожидают старые и новые герои, уникальные миры, увлекательные путешествия на край Галактики и грандиозный финал фантастической саги.', 'фантастика, фэнтези, боевик, приключения', 'https://www.youtube.com/embed/KVRBfWQgyuY');
INSERT INTO testlogin.films_info (id_films_info, description_en, year_of_creation, genre_en, link_en, film_id, description_ru, genre_ru, link_ru) VALUES (17, 'Hugh Glass the hunter is seriously injured in the uncharted vastness of the American Wild West. Hugh''s comrade in the conquerors of new lands, John Fitzgerald, treacherously leaves him to die alone. Now Glass has only one weapon left - his willpower. He is ready to challenge the primitive nature, harsh winter and hostile Indian tribes, only to survive and take revenge on Fitzgerald.', '2015', 'adventure, western, action, drama, biography', 'https://www.youtube.com/embed/LoebZZ8K5N0', 38, 'Охотник Хью Гласс серьезно ранен на неизведанных просторах американского Дикого Запада. Товарищ Хью по отряду покорителей новых земель Джон Фицжеральд предательски оставляет его умирать в одиночестве. Теперь у Гласса осталось только одно оружие — его сила воли. Он готов бросить вызов первобытной природе, суровой зиме и враждебным племенам индейцев, только чтобы выжить и отомстить Фицжеральду.', 'приключения, вестерн, боевик, драма, биография', 'https://www.youtube.com/embed/Nu_FG63jbJ0');
INSERT INTO testlogin.films_info (id_films_info, description_en, year_of_creation, genre_en, link_en, film_id, description_ru, genre_ru, link_ru) VALUES (18, 'Far away, in the parallel world of the Scandinavian gods, the old and mighty god Odin has ruled for many years. He has two sons, the eldest, a strong and not very smart shirt-guy Thor, and the younger, not so strong, but cunning and envious Loki. What can happen if both sons have a rather difficult character, and in addition, each of them has the power of a god? Yes, anything, even, perhaps, someone will bring to Earth', '2011', 'fiction, action, fantasy, adventure', 'https://www.youtube.com/embed/JOddp-nlNvQ', 39, 'Далеко далеко, в параллельном мире скандинавских богов много лет правит старый и могучий бог Один. У него есть два сына, старший, сильный и не очень умный рубаха-парень Тор, и младший, не такой сильный, но хитрый и завистливый Локи. Что может произойти, если у обоих сыновей довольно непростой характер, да вдобавок каждый из них обладает силой бога? Да все что угодно, даже, возможно, кой-кого занесет на Землю', 'фантастика, боевик, фэнтези, приключения', 'https://www.youtube.com/embed/KN0FHCErJjo');
INSERT INTO testlogin.films_info (id_films_info, description_en, year_of_creation, genre_en, link_en, film_id, description_ru, genre_ru, link_ru) VALUES (19, 'A few months after the murder of Mildred Hayes''s daughter, the criminals have not been found. A desperate woman decides to take a bold step, renting three billboards at the entrance to the city with a message to the authoritative head of police, William Willoughby. When the deputy sheriff, an infantile mama''s boy with a penchant for violence, Officer Dixon, is also involved in the situation, the struggle between Mildred and the city authorities only intensifies.', '2017', 'drama, crime', 'https://www.youtube.com/embed/Jit3YhGx5pU', 40, 'Спустя несколько месяцев после убийства дочери Милдред Хейс преступники так и не найдены. Отчаявшаяся женщина решается на смелый шаг, арендуя на въезде в город три биллборда с посланием к авторитетному главе полиции Уильяму Уиллоуби. Когда в ситуацию оказывается втянут еще и заместитель шерифа, инфантильный маменькин сынок со склонностью к насилию, офицер Диксон, борьба между Милдред и властями города только усугубляется.', 'драма, криминал', 'https://www.youtube.com/embed/3iRsvVne6zw');
INSERT INTO testlogin.films_info (id_films_info, description_en, year_of_creation, genre_en, link_en, film_id, description_ru, genre_ru, link_ru) VALUES (20, 'Suffering from an accident, the wealthy aristocrat Philip hires as his assistant the man who is least suited for the job - a young resident of the Drissa suburb who has just been released from prison. Despite the fact that Philip is confined to a wheelchair, Driss manages to bring the spirit of adventure into the measured life of an aristocrat.', '2011', 'drama, comedy, biography', 'https://www.youtube.com/embed/dvdJ--DV0Uo', 41, 'Пострадав в результате несчастного случая, богатый аристократ Филипп нанимает в помощники человека, который менее всего подходит для этой работы, — молодого жителя предместья Дрисса, только что освободившегося из тюрьмы. Несмотря на то, что Филипп прикован к инвалидному креслу, Дриссу удается привнести в размеренную жизнь аристократа дух приключений.', 'драма, комедия, биография', 'https://www.youtube.com/embed/tTwFeGArcrs');
INSERT INTO testlogin.films_info (id_films_info, description_en, year_of_creation, genre_en, link_en, film_id, description_ru, genre_ru, link_ru) VALUES (21, 'In the center of the plot is Venom, one of the most famous anti-heroes of the Spider-Man universe. It is a symbiote, a sentient creature of alien origin that takes over the body of journalist Eddie Brock.', '2018', 'action, fantasy, thriller, horror', 'https://www.youtube.com/embed/u9Mv98Gr5pY', 42, 'В центре сюжета - Веном, один из самых известных антигероев вселенной Человека-паука. Это симбиот, разумное существо инопланетного происхождения, захватившее тело журналиста Эдди Брока.', 'боевик, фэнтези, триллер, ужасы', 'https://www.youtube.com/embed/u9Mv98Gr5pY');

create table users
(
    id_user   bigint auto_increment,
    email     varchar(45)                       not null,
    password  varchar(150)                      not null,
    role      varchar(15) default 'USER'        not null,
    name_user varchar(50)                       null,
    gender    varchar(10)                       null,
    country   varchar(20)                       null,
    about_me  varchar(300)                      null,
    avatar    varchar(50) default 'unnamed.jpg' null,
    locked    bit         default b'0'          null,
    constraint userId_UNIQUE
        unique (id_user),
    constraint users_email_uindex
        unique (email)
);

alter table users
    add primary key (id_user);

INSERT INTO testlogin.users (id_user, email, password, role, name_user, gender, country, about_me, avatar, locked) VALUES (12, 'admin@gmail.com', '91ee6352c227473048a36b279a75167c58297324e31006d98e1e571f3accf42b87d3dd0d56a8b50b51d3f85ba66e57d9227ab7d06a007686c6f657a24759c66e', 'ADMIN', 'Кристина', 'Female', 'Belarus', 'Administrator', 'fcb6ca72-84b8-4830-889d-ed46e2fd8fc1.jpg', false);
INSERT INTO testlogin.users (id_user, email, password, role, name_user, gender, country, about_me, avatar, locked) VALUES (14, 'ryzhik1191@gmail.com', '91ee6352c227473048a36b279a75167c58297324e31006d98e1e571f3accf42b87d3dd0d56a8b50b51d3f85ba66e57d9227ab7d06a007686c6f657a24759c66e', 'USER', 'Кристина Потапович', 'Женский', 'Беларусь', '', 'f85d5bcc-1fab-411e-a743-25d9be258a69.jpg', false);
INSERT INTO testlogin.users (id_user, email, password, role, name_user, gender, country, about_me, avatar, locked) VALUES (20, 'kristina@gmail.com', '91ee6352c227473048a36b279a75167c58297324e31006d98e1e571f3accf42b87d3dd0d56a8b50b51d3f85ba66e57d9227ab7d06a007686c6f657a24759c66e', 'USER', 'Кристина', 'Female', 'Denmark', '', '25e6d726-5c54-4d8d-87ee-70005b8ffc2e.jpg', false);
INSERT INTO testlogin.users (id_user, email, password, role, name_user, gender, country, about_me, avatar, locked) VALUES (35, 'zzzzzz@gmail.com', '91ee6352c227473048a36b279a75167c58297324e31006d98e1e571f3accf42b87d3dd0d56a8b50b51d3f85ba66e57d9227ab7d06a007686c6f657a24759c66e', 'USER', 'Kristina Potapovich', 'Female', 'Belgium', '', 'd0f38027-45ba-4fca-ad4a-c60da30a2be6.jpg', false);
INSERT INTO testlogin.users (id_user, email, password, role, name_user, gender, country, about_me, avatar, locked) VALUES (40, 'ryzhik1191@mail.ru', '91ee6352c227473048a36b279a75167c58297324e31006d98e1e571f3accf42b87d3dd0d56a8b50b51d3f85ba66e57d9227ab7d06a007686c6f657a24759c66e', 'USER', 'Анна Иванова', 'Female', 'Canada', 'Фильмы,музыка', 'unnamed.jpg', false);
INSERT INTO testlogin.users (id_user, email, password, role, name_user, gender, country, about_me, avatar, locked) VALUES (41, 'ilia@mail.ru', 'bbc5968c97ceb103f36aed84b40a241368e828fed9931d7e6f5a9bd3d7b04fac31484efb668251c5d46452651d371e9498d94c774fa3223c5ee279c3b8872b6e', 'USER', 'Ilia Ivanov', 'Male', 'Estonia', 'Films', 'unnamed.jpg', false);
INSERT INTO testlogin.users (id_user, email, password, role, name_user, gender, country, about_me, avatar, locked) VALUES (42, 'kristina@mail.ru', '91ee6352c227473048a36b279a75167c58297324e31006d98e1e571f3accf42b87d3dd0d56a8b50b51d3f85ba66e57d9227ab7d06a007686c6f657a24759c66e', 'USER', null, null, null, null, 'unnamed.jpg', false);
INSERT INTO testlogin.users (id_user, email, password, role, name_user, gender, country, about_me, avatar, locked) VALUES (43, 'superhero@gmail.com', '91ee6352c227473048a36b279a75167c58297324e31006d98e1e571f3accf42b87d3dd0d56a8b50b51d3f85ba66e57d9227ab7d06a007686c6f657a24759c66e', 'USER', 'Super Hero', 'Male', 'Italy', 'fgh', 'unnamed.jpg', false);
INSERT INTO testlogin.users (id_user, email, password, role, name_user, gender, country, about_me, avatar, locked) VALUES (44, 'amarantha@yandex.com', '91ee6352c227473048a36b279a75167c58297324e31006d98e1e571f3accf42b87d3dd0d56a8b50b51d3f85ba66e57d9227ab7d06a007686c6f657a24759c66e', 'USER', 'Кристина', 'Female', 'Germany', 'gfs', 'unnamed.jpg', false);
INSERT INTO testlogin.users (id_user, email, password, role, name_user, gender, country, about_me, avatar, locked) VALUES (45, 'nick@gmail.com', '91ee6352c227473048a36b279a75167c58297324e31006d98e1e571f3accf42b87d3dd0d56a8b50b51d3f85ba66e57d9227ab7d06a007686c6f657a24759c66e', 'USER', 'Nick Frosen', 'Male', 'United Kingdom', 'I like films', 'unnamed.jpg', false);
INSERT INTO testlogin.users (id_user, email, password, role, name_user, gender, country, about_me, avatar, locked) VALUES (46, 'admin@mail.ru', '91ee6352c227473048a36b279a75167c58297324e31006d98e1e571f3accf42b87d3dd0d56a8b50b51d3f85ba66e57d9227ab7d06a007686c6f657a24759c66e', 'ADMIN', 'Kristina Potapovich', 'Female', 'Belarus', 'Administrator', 'unnamed.jpg', false);
INSERT INTO testlogin.users (id_user, email, password, role, name_user, gender, country, about_me, avatar, locked) VALUES (47, 'user@gmail.com', '91ee6352c227473048a36b279a75167c58297324e31006d98e1e571f3accf42b87d3dd0d56a8b50b51d3f85ba66e57d9227ab7d06a007686c6f657a24759c66e', 'USER', 'Varvara Kozlova', 'Female', 'Estonia', 'Hjuref', 'unnamed.jpg', false);
INSERT INTO testlogin.users (id_user, email, password, role, name_user, gender, country, about_me, avatar, locked) VALUES (48, 'Dima@mail.ru', '91ee6352c227473048a36b279a75167c58297324e31006d98e1e571f3accf42b87d3dd0d56a8b50b51d3f85ba66e57d9227ab7d06a007686c6f657a24759c66e', 'USER', 'Дмитрий', 'Male', 'Russian Federation', '', 'unnamed.jpg', false);
INSERT INTO testlogin.users (id_user, email, password, role, name_user, gender, country, about_me, avatar, locked) VALUES (49, 'Alex@ya.ru', '91ee6352c227473048a36b279a75167c58297324e31006d98e1e571f3accf42b87d3dd0d56a8b50b51d3f85ba66e57d9227ab7d06a007686c6f657a24759c66e', 'USER', 'Alex Dmitriev', 'Male', 'Switzerland', '', 'unnamed.jpg', false);
INSERT INTO testlogin.users (id_user, email, password, role, name_user, gender, country, about_me, avatar, locked) VALUES (50, 'ivanpetrov65@email.com', '91ee6352c227473048a36b279a75167c58297324e31006d98e1e571f3accf42b87d3dd0d56a8b50b51d3f85ba66e57d9227ab7d06a007686c6f657a24759c66e', 'USER', 'Иван Петров', 'Male', 'Belarus', '', 'unnamed.jpg', false);
INSERT INTO testlogin.users (id_user, email, password, role, name_user, gender, country, about_me, avatar, locked) VALUES (51, 'smirnovy@email.com', '91ee6352c227473048a36b279a75167c58297324e31006d98e1e571f3accf42b87d3dd0d56a8b50b51d3f85ba66e57d9227ab7d06a007686c6f657a24759c66e', 'USER', 'Darya Smirnova', 'Female', 'Belarus', '', 'unnamed.jpg', false);
INSERT INTO testlogin.users (id_user, email, password, role, name_user, gender, country, about_me, avatar, locked) VALUES (52, 'i_luv_music@email.com', '91ee6352c227473048a36b279a75167c58297324e31006d98e1e571f3accf42b87d3dd0d56a8b50b51d3f85ba66e57d9227ab7d06a007686c6f657a24759c66e', 'USER', 'Маша Сидорова', 'Female', 'Russian Federation', '', 'unnamed.jpg', false);
INSERT INTO testlogin.users (id_user, email, password, role, name_user, gender, country, about_me, avatar, locked) VALUES (53, 'tamaravolkova45@email.com', '91ee6352c227473048a36b279a75167c58297324e31006d98e1e571f3accf42b87d3dd0d56a8b50b51d3f85ba66e57d9227ab7d06a007686c6f657a24759c66e', 'USER', 'Tamara Volkova', 'Female', 'Belarus', '', 'unnamed.jpg', false);
INSERT INTO testlogin.users (id_user, email, password, role, name_user, gender, country, about_me, avatar, locked) VALUES (54, 'catz.rule@email.com', '91ee6352c227473048a36b279a75167c58297324e31006d98e1e571f3accf42b87d3dd0d56a8b50b51d3f85ba66e57d9227ab7d06a007686c6f657a24759c66e', 'USER', 'Michael Rotrin', 'Male', 'Bulgaria', '', 'unnamed.jpg', false);

create table users_films
(
    id_user bigint not null,
    film_id bigint not null,
    primary key (id_user, film_id),
    constraint users_films_ibfk_1
        foreign key (id_user) references users (id_user),
    constraint users_films_ibfk_2
        foreign key (film_id) references films (film_id)
);

create index film_id
    on users_films (film_id);

INSERT INTO testlogin.users_films (id_user, film_id) VALUES (20, 42);